{"cameraMode":{"drawMode":0,"name":"Shaded","section":"Shading Mode"},"sceneLighting":true,"audioPlay":false,"sceneViewState":{"showFog":true,"showMaterialUpdate":false,"showSkybox":true,"showFlares":true,"showImageEffects":true,"showParticleSystems":true},"in2DMode":false,"pivot":{"x":0.03052729368209839,"y":-0.4226257801055908,"z":3.468747854232788},"rotation":{"x":-0.146037295460701,"y":0.833358108997345,"z":-0.2621859014034271,"w":-0.4641774892807007},"size":28.41204071044922,"orthographic":false}